{"cameraMode":{"drawMode":0,"name":"Shaded","section":"Shading Mode"},"sceneLighting":false,"audioPlay":false,"sceneViewState":{"showFog":true,"showMaterialUpdate":false,"showSkybox":false,"showFlares":true,"showImageEffects":true,"showParticleSystems":true},"in2DMode":false,"pivot":{"x":4.537339210510254,"y":2.361464262008667,"z":4.1088151931762699},"rotation":{"x":-0.17987874150276185,"y":-0.020070752128958703,"z":0.0036743811797350647,"w":-0.9834888577461243},"size":0.8660253882408142,"orthographic":false}