{"cameraMode":{"drawMode":0,"name":"Shaded","section":"Shading Mode"},"sceneLighting":true,"audioPlay":false,"sceneViewState":{"showFog":true,"showMaterialUpdate":false,"showSkybox":true,"showFlares":true,"showImageEffects":true,"showParticleSystems":true},"in2DMode":false,"pivot":{"x":4.537339210510254,"y":2.361464262008667,"z":4.1088151931762699},"rotation":{"x":-0.13302309811115266,"y":0.4967873990535736,"z":-0.07736965268850327,"w":-0.8541224598884583},"size":7.1822590827941898,"orthographic":false}