{"cameraMode":{"drawMode":0,"name":"Shaded","section":"Shading Mode"},"sceneLighting":true,"audioPlay":false,"sceneViewState":{"showFog":true,"showMaterialUpdate":false,"showSkybox":true,"showFlares":true,"showImageEffects":true,"showParticleSystems":true},"in2DMode":false,"pivot":{"x":-3.4208908081054689,"y":3.8506274223327638,"z":7.434788703918457},"rotation":{"x":0.13875892758369447,"y":-0.06382926553487778,"z":0.008962400257587433,"w":0.9882268905639648},"size":10.0,"orthographic":false}